{"cameraMode":{"drawMode":0,"name":"Shaded","section":"Shading Mode"},"sceneLighting":true,"audioPlay":false,"sceneViewState":{"m_AlwaysRefresh":false,"showFog":true,"showSkybox":true,"showFlares":true,"showImageEffects":true,"showParticleSystems":true,"showVisualEffectGraphs":true,"m_FxEnabled":true},"in2DMode":false,"pivot":{"x":0.4468080699443817,"y":4.454206466674805,"z":0.037975311279296878},"rotation":{"x":0.0635586753487587,"y":0.0038961409591138365,"z":-0.00015399942640215158,"w":0.9980202913284302},"size":1.6600894927978516,"orthographic":false}